{"parameters":{"ADX":14,"CANDLE":"30m","SMA_TF":8,"ADX_TF":16,"ADX_LOW":33.35536368954084,"RSI_BULL":16,"RSI_BEAR":10,"SMA_FAST":37,"SML_SLOW":109,"ADX_HIGH":74.95150081125571,"STOP_LOSS":5.570702940479834,"candleSize":30,"RSI_BULL_TF":7,"RSI_BEAR_TF":4,"TAKE_PROFIT":20.2,"RSI_BULL_LOW":39.55923023048989,"RSI_BEAR_LOW":34.36463099128174,"BULL_MOD_LOW":-5,"BEAR_MOD_LOW":-5,"RSI_BULL_HIGH":94.2883604663123,"RSI_BEAR_HIGH":73.93568142280353,"BULL_MOD_HIGH":5,"BEAR_MOD_HIGH":15},"score":2064.4407446418763,"profit":206.44407446418762,"sharpe":10,"epochNumber":6,"otherMetrics":{"balance":306.4440744641876,"profit":206.44407446418762,"sharpe":10,"market":-75.51900131043521,"relativeYearlyProfit":68.81469148806254,"trades":320}}