{"parameters":{"ADX":12,"SMA_TF":5,"ADX_TF":6,"CANDLE":"30m","ADX_LOW":26.00446034188592,"SMA_FAST":33,"RSI_BEAR":15,"ADX_HIGH":89.08416696791974,"SML_SLOW":143,"RSI_BULL":18,"STOP_LOSS":8.717264151228951,"candleSize":30,"RSI_BEAR_TF":3,"TAKE_PROFIT":39.2,"RSI_BULL_TF":8,"BULL_MOD_LOW":-5,"BEAR_MOD_LOW":-5,"RSI_BEAR_LOW":11.378844822754026,"RSI_BULL_LOW":27.15549295318877,"RSI_BULL_HIGH":85.93235940988146,"BULL_MOD_HIGH":5,"BEAR_MOD_HIGH":15,"RSI_BEAR_HIGH":80.04153445208024},"score":2837.6469718207823,"profit":283.76469718207824,"sharpe":10,"epochNumber":28,"otherMetrics":{"balance":383.76469718207824,"profit":283.76469718207824,"sharpe":10,"market":-6.8295739348370965,"relativeYearlyProfit":94.58823239402608,"trades":28}}