{"parameters":{"ADX":5,"SMA_TF":3,"ADX_TF":12,"CANDLE":"30m","ADX_LOW":59.71175951993555,"SMA_FAST":18,"RSI_BEAR":9,"ADX_HIGH":94.32235908022572,"SML_SLOW":138,"RSI_BULL":12,"STOP_LOSS":4.704222146115178,"candleSize":30,"RSI_BEAR_TF":11,"TAKE_PROFIT":38.2,"RSI_BULL_TF":9,"BULL_MOD_LOW":-5,"BEAR_MOD_LOW":-5,"RSI_BEAR_LOW":22.476378915347915,"RSI_BULL_LOW":32.92955328609564,"RSI_BULL_HIGH":78.9334063728922,"BULL_MOD_HIGH":5,"BEAR_MOD_HIGH":15,"RSI_BEAR_HIGH":72.45041513489574},"score":3093.719206776493,"profit":309.3719206776493,"sharpe":10,"epochNumber":286,"otherMetrics":{"balance":409.3719206776493,"profit":309.3719206776493,"sharpe":10,"market":-76.05070422535212,"relativeYearlyProfit":103.12397355921644,"trades":336}}